{
  "optimization_date": "2025-09-21T00:35:23.030221",
  "device_type": "Perovskite Solar Cell (PCBM/MAPI/PEDOT)",
  "optimization_summary": {
    "success": true,
    "iterations": 223,
    "function_evaluations": 50416,
    "final_objective_value": -1.5813418528153147
  },
  "performance_comparison": {
    "original": {
      "MPP": -0.02804287760530144,
      "IntSRHn_mean": 2.055145025253296,
      "efficiency_percent": -0.0028042877605301444
    },
    "optimized": {
      "MPP": 1.5813418528153145,
      "IntSRHn_mean": 2.450261354446411,
      "efficiency_percent": 0.15813418528153145
    },
    "improvements": {
      "MPP_improvement_percent": -5739.014209142237,
      "recombination_change_percent": 19.22571563720703,
      "efficiency_improvement_absolute": 0.16093847304206158
    }
  },
  "parameter_changes": {
    "L1_L": {
      "original": 2e-08,
      "optimized": 2.0008979274902158e-08,
      "absolute_change": 8.979274902157645e-12,
      "percent_change": 0.04489637451078822
    },
    "L1_E_c": {
      "original": 4.0,
      "optimized": 3.850410094464683,
      "absolute_change": -0.14958990553531715,
      "percent_change": -3.7397476383829287
    },
    "L1_E_v": {
      "original": 6.0,
      "optimized": 5.848993190227565,
      "absolute_change": -0.15100680977243464,
      "percent_change": -2.5167801628739106
    },
    "L1_N_D": {
      "original": 5e+20,
      "optimized": 9.872519588141321e+20,
      "absolute_change": 4.8725195881413214e+20,
      "percent_change": 97.45039176282643
    },
    "L1_N_A": {
      "original": 1e+19,
      "optimized": 4.888975140354231e+19,
      "absolute_change": 3.888975140354231e+19,
      "percent_change": 388.89751403542306
    },
    "L2_L": {
      "original": 3.5e-07,
      "optimized": 2.3722361130846248e-07,
      "absolute_change": -1.127763886915375e-07,
      "percent_change": -32.22182534043929
    },
    "L2_E_c": {
      "original": 3.7,
      "optimized": 3.7954159793200883,
      "absolute_change": 0.09541597932008816,
      "percent_change": 2.5788102518942746
    },
    "L2_E_v": {
      "original": 5.5,
      "optimized": 5.408690159014325,
      "absolute_change": -0.09130984098567474,
      "percent_change": -1.660178927012268
    },
    "L2_N_D": {
      "original": 1e+16,
      "optimized": 3.082292338685971e+16,
      "absolute_change": 2.082292338685971e+16,
      "percent_change": 208.2292338685971
    },
    "L2_N_A": {
      "original": 1e+17,
      "optimized": 5.643471906554048e+16,
      "absolute_change": -4.356528093445952e+16,
      "percent_change": -43.56528093445952
    },
    "L3_L": {
      "original": 2e-08,
      "optimized": 4.9623267460944645e-08,
      "absolute_change": 2.9623267460944645e-08,
      "percent_change": 148.11633730472323
    },
    "L3_E_c": {
      "original": 2.8,
      "optimized": 2.8217074358854637,
      "absolute_change": 0.021707435885463866,
      "percent_change": 0.7752655673379952
    },
    "L3_E_v": {
      "original": 5.2,
      "optimized": 5.193254045682891,
      "absolute_change": -0.006745954317109337,
      "percent_change": -0.1297298907136411
    },
    "L3_N_D": {
      "original": 1e+19,
      "optimized": 4.217036135099275e+19,
      "absolute_change": 3.217036135099275e+19,
      "percent_change": 321.7036135099275
    },
    "L3_N_A": {
      "original": 1e+21,
      "optimized": 9.794803600947468e+20,
      "absolute_change": -2.0519639905253196e+19,
      "percent_change": -2.0519639905253193
    }
  },
  "original_parameters": {
    "L1_L": 2e-08,
    "L1_E_c": 4.0,
    "L1_E_v": 6.0,
    "L1_N_D": 5e+20,
    "L1_N_A": 1e+19,
    "L2_L": 3.5e-07,
    "L2_E_c": 3.7,
    "L2_E_v": 5.5,
    "L2_N_D": 1e+16,
    "L2_N_A": 1e+17,
    "L3_L": 2e-08,
    "L3_E_c": 2.8,
    "L3_E_v": 5.2,
    "L3_N_D": 1e+19,
    "L3_N_A": 1e+21
  },
  "optimized_parameters": {
    "L1_L": 2.0008979274902158e-08,
    "L1_E_c": 3.850410094464683,
    "L1_E_v": 5.848993190227565,
    "L1_N_D": 9.872519588141321e+20,
    "L1_N_A": 4.888975140354231e+19,
    "L2_L": 2.3722361130846248e-07,
    "L2_E_c": 3.7954159793200883,
    "L2_E_v": 5.408690159014325,
    "L2_N_D": 3.082292338685971e+16,
    "L2_N_A": 5.643471906554048e+16,
    "L3_L": 4.9623267460944645e-08,
    "L3_E_c": 2.8217074358854637,
    "L3_E_v": 5.193254045682891,
    "L3_N_D": 4.217036135099275e+19,
    "L3_N_A": 9.794803600947468e+20
  },
  "optimization_recommendations": [
    "\u26a0\ufe0f No efficiency improvement achieved. Consider different optimization constraints.",
    "\u26a0\ufe0f Recombination increased by 19.2%. Consider tighter constraints."
  ]
}