{
  "best_model": "XGBoost",
  "all_scores": {
    "RandomForest": {
      "cv_mean": 0.9572454170004919,
      "cv_std": 0.0042085182750636356,
      "test_metrics": {
        "r2": 0.9502070039309427,
        "rmse": 0.46358801203939937,
        "mae": 0.1693541639412014,
        "rmse_relative": 45.3820718356025,
        "mae_relative": 16.578605645619714,
        "mape": 91.14318860489317
      }
    },
    "XGBoost": {
      "cv_mean": 0.96363069120347,
      "cv_std": 0.006173629220188827,
      "test_metrics": {
        "r2": 0.9516265765234696,
        "rmse": 0.45693190107820936,
        "mae": 0.20032458196003974,
        "rmse_relative": 44.73048443916052,
        "mae_relative": 19.61039615531501,
        "mape": 137.3448095729084
      }
    },
    "LinearRegression": {
      "cv_mean": 0.44141976972084407,
      "cv_std": 0.013034429225038393,
      "test_metrics": {
        "r2": 0.4407084758262897,
        "rmse": 1.5537000743047285,
        "mae": 1.0575759754630296,
        "rmse_relative": 152.0965308677689,
        "mae_relative": 103.52940033745224,
        "mape": 1208.4639740253112
      }
    }
  },
  "feature_names": [
    "L1_L",
    "L1_E_c",
    "L1_E_v",
    "L1_N_D",
    "L1_N_A",
    "L2_L",
    "L2_E_c",
    "L2_E_v",
    "L2_N_D",
    "L2_N_A",
    "L3_L",
    "L3_E_c",
    "L3_E_v",
    "L3_N_D",
    "L3_N_A",
    "total_thickness",
    "thickness_ratio_L2",
    "thickness_ratio_ETL",
    "thickness_ratio_HTL",
    "energy_gap_L1",
    "energy_gap_L2",
    "energy_gap_L3",
    "band_offset_L1_L2",
    "band_offset_L2_L3",
    "conduction_band_offset",
    "valence_band_offset",
    "doping_ratio_L1",
    "doping_ratio_L2",
    "doping_ratio_L3",
    "total_donor_concentration",
    "total_acceptor_concentration",
    "average_energy_gap",
    "energy_gap_variance",
    "thickness_variance",
    "doping_variance"
  ]
}