{
  "best_model": "RandomForest",
  "all_scores": {
    "RandomForest": {
      "cv_mean": 0.8413286083609381,
      "cv_std": 0.04913923561588983,
      "test_metrics": {
        "r2": 0.8766969329999662,
        "rmse": 360.7432495033735,
        "mae": 70.59467751280157,
        "rmse_relative": 158.30300819454044,
        "mae_relative": 30.97868034449654,
        "mape": 169049.63056455593
      }
    },
    "XGBoost": {
      "cv_mean": 0.8283746772547973,
      "cv_std": 0.04722080872551692,
      "test_metrics": {
        "r2": 0.8814765826922724,
        "rmse": 353.6823241172168,
        "mae": 77.7565940832593,
        "rmse_relative": 155.20450051406522,
        "mae_relative": 34.12150543991439,
        "mape": 216797.1449282953
      }
    },
    "LinearRegression": {
      "cv_mean": 0.15465155645490267,
      "cv_std": 0.02134272045419883,
      "test_metrics": {
        "r2": 0.18100736500679748,
        "rmse": 929.7180689983928,
        "mae": 426.89669620891976,
        "rmse_relative": 407.9831495055837,
        "mae_relative": 187.3327672554297,
        "mape": 1485102.3647844703
      }
    }
  },
  "feature_names": [
    "L1_L",
    "L1_E_c",
    "L1_E_v",
    "L1_N_D",
    "L1_N_A",
    "L2_L",
    "L2_E_c",
    "L2_E_v",
    "L2_N_D",
    "L2_N_A",
    "L3_L",
    "L3_E_c",
    "L3_E_v",
    "L3_N_D",
    "L3_N_A",
    "total_thickness",
    "thickness_ratio_L2",
    "thickness_ratio_ETL",
    "thickness_ratio_HTL",
    "energy_gap_L1",
    "energy_gap_L2",
    "energy_gap_L3",
    "band_offset_L1_L2",
    "band_offset_L2_L3",
    "conduction_band_offset",
    "valence_band_offset",
    "doping_ratio_L1",
    "doping_ratio_L2",
    "doping_ratio_L3",
    "total_donor_concentration",
    "total_acceptor_concentration",
    "average_energy_gap",
    "energy_gap_variance",
    "thickness_variance",
    "doping_variance"
  ]
}