{
  "best_model": "RandomForest",
  "all_scores": {
    "RandomForest": {
      "cv_mean": 0.8228997401578146,
      "cv_std": 0.00761556374599779,
      "test_metrics": {
        "r2": 0.8357696969654902,
        "rmse": 0.35620151755114365,
        "mae": 0.13634049794017564,
        "rmse_relative": 54.83271954582647,
        "mae_relative": 20.98789566560054,
        "mape": 24.10985936488629
      }
    },
    "XGBoost": {
      "cv_mean": 0.8220313802608589,
      "cv_std": 0.00843676300782464,
      "test_metrics": {
        "r2": 0.813031340108329,
        "rmse": 0.38006119179465003,
        "mae": 0.1725016109080243,
        "rmse_relative": 58.50561469586221,
        "mae_relative": 26.554441758561246,
        "mape": 32.5842048209287
      }
    },
    "LinearRegression": {
      "cv_mean": 0.2721170146992512,
      "cv_std": 0.01498171379461898,
      "test_metrics": {
        "r2": 0.27780758830190944,
        "rmse": 0.7469569606919663,
        "mae": 0.5141928808329357,
        "rmse_relative": 114.9845790102362,
        "mae_relative": 79.15349216086575,
        "mape": 87.07539684740965
      }
    }
  },
  "feature_names": [
    "L1_L",
    "L1_E_c",
    "L1_E_v",
    "L1_N_D",
    "L1_N_A",
    "L2_L",
    "L2_E_c",
    "L2_E_v",
    "L2_N_D",
    "L2_N_A",
    "L3_L",
    "L3_E_c",
    "L3_E_v",
    "L3_N_D",
    "L3_N_A",
    "total_thickness",
    "thickness_ratio_L2",
    "thickness_ratio_ETL",
    "thickness_ratio_HTL",
    "energy_gap_L1",
    "energy_gap_L2",
    "energy_gap_L3",
    "band_offset_L1_L2",
    "band_offset_L2_L3",
    "conduction_band_offset",
    "valence_band_offset",
    "doping_ratio_L1",
    "doping_ratio_L2",
    "doping_ratio_L3",
    "total_donor_concentration",
    "total_acceptor_concentration",
    "average_energy_gap",
    "energy_gap_variance",
    "thickness_variance",
    "doping_variance"
  ]
}