{
  "best_model": "RandomForest",
  "all_scores": {
    "RandomForest": {
      "cv_mean": 0.7762088777450944,
      "cv_std": 0.017402011202293902,
      "test_metrics": {
        "r2": 0.8051070577956315,
        "rmse": 36.14038218058111,
        "mae": 12.550537231190173,
        "rmse_relative": 142.35901815555908,
        "mae_relative": 49.43727901463751,
        "mape": 4074.8670222652577
      }
    },
    "XGBoost": {
      "cv_mean": 0.7684179125156579,
      "cv_std": 0.01999452865215987,
      "test_metrics": {
        "r2": 0.7992574218568665,
        "rmse": 36.67874214478578,
        "mae": 13.829156356490078,
        "rmse_relative": 144.47964863299822,
        "mae_relative": 54.473832373788724,
        "mape": 11410.452254655442
      }
    },
    "LinearRegression": {
      "cv_mean": 0.26383894500024224,
      "cv_std": 0.014708844112605713,
      "test_metrics": {
        "r2": 0.2862147379012384,
        "rmse": 69.16374058061388,
        "mae": 39.7017214043256,
        "rmse_relative": 272.4399025949557,
        "mae_relative": 156.3873356392508,
        "mape": 157578.38329064788
      }
    }
  },
  "feature_names": [
    "L1_L",
    "L1_E_c",
    "L1_E_v",
    "L1_N_D",
    "L1_N_A",
    "L2_L",
    "L2_E_c",
    "L2_E_v",
    "L2_N_D",
    "L2_N_A",
    "L3_L",
    "L3_E_c",
    "L3_E_v",
    "L3_N_D",
    "L3_N_A",
    "total_thickness",
    "thickness_ratio_L2",
    "thickness_ratio_ETL",
    "thickness_ratio_HTL",
    "energy_gap_L1",
    "energy_gap_L2",
    "energy_gap_L3",
    "band_offset_L1_L2",
    "band_offset_L2_L3",
    "conduction_band_offset",
    "valence_band_offset",
    "doping_ratio_L1",
    "doping_ratio_L2",
    "doping_ratio_L3",
    "total_donor_concentration",
    "total_acceptor_concentration",
    "average_energy_gap",
    "energy_gap_variance",
    "thickness_variance",
    "doping_variance"
  ]
}