{
  "best_model": "XGBoost",
  "all_scores": {
    "RandomForest": {
      "cv_mean": 0.6927850644857356,
      "cv_std": 0.021856568645032347,
      "test_metrics": {
        "r2": 0.7465937839872876,
        "rmse": 24.058475182662225,
        "mae": 8.344096049870279,
        "rmse_relative": 154.18026029917294,
        "mae_relative": 53.47366743580718,
        "mape": 7168.532816583883
      }
    },
    "XGBoost": {
      "cv_mean": 0.6975455939460992,
      "cv_std": 0.03680694457827612,
      "test_metrics": {
        "r2": 0.7270379034821195,
        "rmse": 24.969545602427388,
        "mae": 9.23748229596099,
        "rmse_relative": 160.01891272430663,
        "mae_relative": 59.19898971513564,
        "mape": 20301.710316357192
      }
    },
    "LinearRegression": {
      "cv_mean": 0.308514549554941,
      "cv_std": 0.013239569674725754,
      "test_metrics": {
        "r2": 0.31885771476489944,
        "rmse": 39.44376726017397,
        "mae": 23.318536849120168,
        "rmse_relative": 252.77787794865003,
        "mae_relative": 149.43831867549656,
        "mape": 183605.83749236242
      }
    }
  },
  "feature_names": [
    "L1_L",
    "L1_E_c",
    "L1_E_v",
    "L1_N_D",
    "L1_N_A",
    "L2_L",
    "L2_E_c",
    "L2_E_v",
    "L2_N_D",
    "L2_N_A",
    "L3_L",
    "L3_E_c",
    "L3_E_v",
    "L3_N_D",
    "L3_N_A",
    "total_thickness",
    "thickness_ratio_L2",
    "thickness_ratio_ETL",
    "thickness_ratio_HTL",
    "energy_gap_L1",
    "energy_gap_L2",
    "energy_gap_L3",
    "band_offset_L1_L2",
    "band_offset_L2_L3",
    "conduction_band_offset",
    "valence_band_offset",
    "doping_ratio_L1",
    "doping_ratio_L2",
    "doping_ratio_L3",
    "total_donor_concentration",
    "total_acceptor_concentration",
    "average_energy_gap",
    "energy_gap_variance",
    "thickness_variance",
    "doping_variance"
  ]
}