{
  "best_model": "RandomForest",
  "all_scores": {
    "RandomForest": {
      "cv_mean": 0.6247460725766885,
      "cv_std": 0.0274540070775981,
      "test_metrics": {
        "r2": 0.6922131980415293,
        "rmse": 21.882223448123572,
        "mae": 7.844778724949687,
        "rmse_relative": 167.29599350153643,
        "mae_relative": 59.97562604647994,
        "mape": 11971.21535343951
      }
    },
    "XGBoost": {
      "cv_mean": 0.6208002347575591,
      "cv_std": 0.03779129253905672,
      "test_metrics": {
        "r2": 0.6695320358785479,
        "rmse": 22.674156213097184,
        "mae": 8.677805048107633,
        "rmse_relative": 173.3505509379308,
        "mae_relative": 66.34435574508792,
        "mape": 27093.89188434146
      }
    },
    "LinearRegression": {
      "cv_mean": 0.30361544222905656,
      "cv_std": 0.014016291209567414,
      "test_metrics": {
        "r2": 0.31289823386464954,
        "rmse": 32.69467196586403,
        "mae": 18.896471295976802,
        "rmse_relative": 249.96032243721044,
        "mae_relative": 144.46904569036337,
        "mape": 147206.77730692847
      }
    }
  },
  "feature_names": [
    "L1_L",
    "L1_E_c",
    "L1_E_v",
    "L1_N_D",
    "L1_N_A",
    "L2_L",
    "L2_E_c",
    "L2_E_v",
    "L2_N_D",
    "L2_N_A",
    "L3_L",
    "L3_E_c",
    "L3_E_v",
    "L3_N_D",
    "L3_N_A",
    "total_thickness",
    "thickness_ratio_L2",
    "thickness_ratio_ETL",
    "thickness_ratio_HTL",
    "energy_gap_L1",
    "energy_gap_L2",
    "energy_gap_L3",
    "band_offset_L1_L2",
    "band_offset_L2_L3",
    "conduction_band_offset",
    "valence_band_offset",
    "doping_ratio_L1",
    "doping_ratio_L2",
    "doping_ratio_L3",
    "total_donor_concentration",
    "total_acceptor_concentration",
    "average_energy_gap",
    "energy_gap_variance",
    "thickness_variance",
    "doping_variance"
  ]
}