{
  "best_model": "RandomForest",
  "all_scores": {
    "RandomForest": {
      "cv_mean": 0.0817826324324781,
      "cv_std": 0.08334476424312989,
      "test_metrics": {
        "r2": 0.002356173699314845,
        "rmse": 47.41804428972495,
        "mae": 15.473212656595697,
        "rmse_relative": 582.1222298120656,
        "mae_relative": 189.9551360443931,
        "mape": 15588.645998291411
      }
    },
    "XGBoost": {
      "cv_mean": 0.06653626762945597,
      "cv_std": 0.05442451874964706,
      "test_metrics": {
        "r2": -0.03811958610380728,
        "rmse": 48.37038796356874,
        "mae": 16.007752987834085,
        "rmse_relative": 593.8135686529947,
        "mae_relative": 196.51735964947753,
        "mape": 19904.461539652566
      }
    },
    "LinearRegression": {
      "cv_mean": 0.034392944800487935,
      "cv_std": 0.015041622577999184,
      "test_metrics": {
        "r2": 0.021793136809065583,
        "rmse": 46.95385246971768,
        "mae": 16.576967933475725,
        "rmse_relative": 576.4236317072571,
        "mae_relative": 203.5052622161607,
        "mape": 36594.63397276491
      }
    }
  },
  "feature_names": [
    "L1_L",
    "L1_E_c",
    "L1_E_v",
    "L1_N_D",
    "L1_N_A",
    "L2_L",
    "L2_E_c",
    "L2_E_v",
    "L2_N_D",
    "L2_N_A",
    "L3_L",
    "L3_E_c",
    "L3_E_v",
    "L3_N_D",
    "L3_N_A",
    "total_thickness",
    "thickness_ratio_L2",
    "thickness_ratio_ETL",
    "thickness_ratio_HTL",
    "energy_gap_L1",
    "energy_gap_L2",
    "energy_gap_L3",
    "band_offset_L1_L2",
    "band_offset_L2_L3",
    "conduction_band_offset",
    "valence_band_offset",
    "doping_ratio_L1",
    "doping_ratio_L2",
    "doping_ratio_L3",
    "total_donor_concentration",
    "total_acceptor_concentration",
    "average_energy_gap",
    "energy_gap_variance",
    "thickness_variance",
    "doping_variance"
  ]
}