{
    "L1_L": 2.0000000000000004e-08,
    "L1_E_c": 4.0,
    "L1_E_v": 5.7,
    "L1_N_D": 1e+21,
    "L1_N_A": 3.1622776601683794e+20,
    "L2_L": 2.514866859365871e-07,
    "L2_eps_r": 20.0,
    "L2_E_c": 4.6,
    "L2_E_v": 5.699999999999999,
    "L2_N_D": 1e+21,
    "L2_N_A": 1e+21,
    "L3_L": 4.999999999999999e-08,
    "L3_E_c": 3.6,
    "L3_E_v": 5.5,
    "L3_N_D": 3.1622776601683794e+20,
    "L3_N_A": 1e+21
}