{
    "L1_L": 4.999999999999999e-08,
    "L1_E_c": 3.85,
    "L1_E_v": 5.9,
    "L1_N_D": 1e+20,
    "L1_N_A": 1e+21,
    "L2_L": 3.976353643835253e-07,
    "L2_eps_r": 25.0,
    "L2_E_c": 4.5,
    "L2_E_v": 5.6,
    "L2_N_D": 1e+20,
    "L2_N_A": 3.1622776601683794e+20,
    "L3_L": 3.162277660168379e-08,
    "L3_E_c": 3.5,
    "L3_E_v": 5.4,
    "L3_N_D": 1e+20,
    "L3_N_A": 3.1622776601683794e+20
}