{
    "L1_L": 3.976353643835253e-08,
    "L1_E_c": 3.85,
    "L1_E_v": 5.7,
    "L1_N_D": 1e+20,
    "L1_N_A": 1e+21,
    "L2_L": 3.162277660168379e-07,
    "L2_eps_r": 30.0,
    "L2_E_c": 4.4,
    "L2_E_v": 5.8,
    "L2_N_D": 1e+20,
    "L2_N_A": 1e+20,
    "L3_L": 2.0000000000000004e-08,
    "L3_E_c": 3.4,
    "L3_E_v": 5.4,
    "L3_N_D": 3.1622776601683794e+20,
    "L3_N_A": 3.1622776601683794e+20
}