{
  "device_type": "Optimized Perovskite Solar Cell (Optimized)",
  "parameters": {
    "L1_L": 2.0000000000000004e-08,
    "L1_E_c": 3.8,
    "L1_E_v": 5.899998412836029,
    "L1_N_D": 1e+21,
    "L1_N_A": 4.999999999999999e+19,
    "L2_L": 3.4999777797044133e-07,
    "L2_E_c": 3.799996825672059,
    "L2_E_v": 5.4,
    "L2_N_D": 3.162277660168379e+16,
    "L2_N_A": 3.162277660168379e+16,
    "L3_L": 2.0000000000000004e-08,
    "L3_E_c": 3.000003174327941,
    "L3_E_v": 5.2,
    "L3_N_D": 2.2360679774997897e+19,
    "L3_N_A": 7.071067811865475e+20
  },
  "optimization_info": {
    "original_device": "Optimized Perovskite Solar Cell",
    "optimization_date": "2025-09-21T15:03:35.594382",
    "improvements": {
      "MPP_improvement_percent": 0.0,
      "PCE_improvement_percent": 0.0,
      "recombination_change_percent": 0.0
    },
    "method": "both",
    "validation_status": "All physics constraints satisfied"
  },
  "predicted_performance": {
    "original": {
      "MPP": 207.913822530876,
      "PCE": 20.791382253087598,
      "IntSRHn_mean": 1.9031027028771162e+30
    },
    "optimized": {
      "MPP": 207.913822530876,
      "PCE": 20.791382253087598,
      "IntSRHn_mean": 1.9031027028771162e+30
    }
  },
  "layer_descriptions": {
    "L1": "ETL - Electron Transport Layer (Optimized)",
    "L2": "Active - Perovskite Absorber Layer (Optimized)",
    "L3": "HTL - Hole Transport Layer (Optimized)"
  },
  "physics_notes": [
    "Optimized parameters maintain all physics constraints.",
    "Energy alignment: ETL_Ec >= Active_Ec, Active_Ev >= HTL_Ev.",
    "Electrode compatibility: W_L=4.05eV >= ETL_Ec, W_R=5.2eV <= HTL_Ev.",
    "Efficiency improved by +0.00%"
  ]
}