{
  "optimization_summary": {
    "success": true,
    "method": "both",
    "optimization_date": "2025-09-23T04:17:21.194397",
    "original_device": "Perovskite Solar Cell (PCBM/MAPI/PEDOT)"
  },
  "performance_comparison": {
    "original": {
      "MPP": 9.801521419528513,
      "PCE": 0.9801521419528513,
      "IntSRHn_mean": 1.647823836969967e+30
    },
    "optimized": {
      "MPP": 145.0912102301064,
      "PCE": 14.50912102301064,
      "IntSRHn_mean": 1.5125083775221654e+30
    },
    "improvements": {
      "MPP_improvement_percent": 1380.292742522883,
      "PCE_improvement_percent": 1380.2927425228827,
      "recombination_change_percent": -8.211767326816974
    }
  },
  "parameter_changes": {
    "original": {
      "L1_L": 4.12e-08,
      "L1_E_c": 3.772,
      "L1_E_v": 5.961,
      "L1_N_D": 7.93e+20,
      "L1_N_A": 1.18e+19,
      "L2_L": 2.182e-07,
      "L2_E_c": 2.889,
      "L2_E_v": 5.961,
      "L2_N_D": 6.21e+16,
      "L2_N_A": 1.45e+16,
      "L3_L": 2.85e-08,
      "L3_E_c": 2.889,
      "L3_E_v": 5.159,
      "L3_N_D": 2.37e+19,
      "L3_N_A": 7.92e+20
    },
    "optimized": {
      "L1_L": 2e-08,
      "L1_E_c": 4.0,
      "L1_E_v": 5.961000000273345,
      "L1_N_D": 7.93e+20,
      "L1_N_A": 1.18e+19,
      "L2_L": 2.1e-07,
      "L2_E_c": 3.6,
      "L2_E_v": 5.6,
      "L2_N_D": 6.21e+16,
      "L2_N_A": 1.45e+16,
      "L3_L": 2e-08,
      "L3_E_c": 2.889,
      "L3_E_v": 5.159000000273345,
      "L3_N_D": 2.37e+19,
      "L3_N_A": 7.92e+20
    }
  },
  "physics_validation": {
    "status": "VALID",
    "message": "All physics constraints satisfied"
  },
  "recommendations": [
    "Efficiency improved by +1380.29%",
    "MPP increased by +1380.29%",
    "Recombination rate changed by -8.21%",
    "All physics constraints maintained",
    "Device remains manufacturable with optimized parameters"
  ]
}