Target,Model,RMSE,MAE,R²,Mean_Accuracy,Median_Accuracy,Accuracy_Std,Within_90%,Within_80%,Within_70%
IntSRHn,RandomForest,2.3965802397846837e+24,4.756146113923971e+23,0.9982342600924221,32.33130932715144,0.0,45.32641622363768,30.37974683544304,32.91139240506329,32.91139240506329
IntSRHn,GradientBoosting,4.397990270810071e+24,9.68011711862382e+23,0.9940536384324288,29.767231703027903,0.0,43.84347314665237,22.78481012658228,31.645569620253166,31.645569620253166
IntSRHn,LinearRegression,1.0058204547189924e+24,4.888783173312115e+23,0.9996889832986002,16.477467064718134,0.0,32.6829408984712,7.59493670886076,12.658227848101266,15.18987341772152
IntSRHp,RandomForest,1.0041120940474317e+29,2.0584798797177058e+28,0.9960032548253721,96.90149537843175,99.64178733741281,6.916683942842128,89.87341772151899,94.9367088607595,98.73417721518987
IntSRHp,GradientBoosting,6.473410801708327e+28,1.515571123908054e+28,0.9983388517245624,41.151013902963,19.79355217416017,43.10136919670521,24.050632911392405,36.708860759493675,40.50632911392405
IntSRHp,LinearRegression,8.8329363431578e+28,5.77218477428974e+28,0.9969071969531318,9.189895397849677,0.0,27.5029514174469,7.59493670886076,8.860759493670885,10.126582278481013
