{
  "training_date": "2025-09-23T18:26:44.027864",
  "efficiency_models": {
    "MPP": {
      "best_model": "XGBoost",
      "all_scores": {
        "RandomForest": {
          "cv_mean": 0.9925112335559028,
          "cv_std": 0.0035469833131652226,
          "test_metrics": {
            "r2": 0.9958134529638885,
            "rmse": 281.2160766183455,
            "mae": 206.82471610138975,
            "rmse_relative": 135.66653458664803,
            "mae_relative": 99.77805265530246,
            "mape": 101.50513191162227
          }
        },
        "XGBoost": {
          "cv_mean": 0.9978759063832818,
          "cv_std": 0.0037455551943952124,
          "test_metrics": {
            "r2": 0.999820119519122,
            "rmse": 281.1932839699905,
            "mae": 206.82560420039664,
            "rmse_relative": 135.6555387728469,
            "mae_relative": 99.77848109920967,
            "mape": 101.54807168167723
          }
        }
      },
      "feature_names": [
        "L1_L",
        "L1_E_c",
        "L1_E_v",
        "L1_N_D",
        "L1_N_A",
        "L2_L",
        "L2_E_c",
        "L2_E_v",
        "L2_N_D",
        "L2_N_A",
        "L3_L",
        "L3_E_c",
        "L3_E_v",
        "L3_N_D",
        "L3_N_A",
        "energy_gap_L1",
        "energy_gap_L2",
        "energy_gap_L3",
        "band_offset_L1_L2",
        "band_offset_L2_L3",
        "thickness_ratio_L2",
        "thickness_ratio_ETL",
        "thickness_ratio_HTL",
        "doping_ratio_L1",
        "doping_ratio_L2",
        "doping_ratio_L3",
        "total_donor_concentration",
        "total_acceptor_concentration",
        "recombination_efficiency_ratio",
        "interface_quality_index",
        "conduction_band_alignment_quality",
        "valence_band_alignment_quality",
        "thickness_balance_quality",
        "transport_layer_balance",
        "average_doping_ratio",
        "doping_consistency",
        "energy_gap_progression",
        "energy_gap_uniformity"
      ]
    }
  },
  "recombination_models": {
    "IntSRHn_mean": {
      "best_model": "XGBoost",
      "all_scores": {
        "RandomForest": {
          "cv_mean": 0.9952501783462384,
          "cv_std": 0.0005563413729171386,
          "test_metrics": {
            "r2": 0.8021603982739312,
            "rmse": 1.9094497673373577e+31,
            "mae": 4.255308348962088e+30,
            "rmse_relative": 152.61573551784784,
            "mae_relative": 34.01121226863615,
            "mape": 11.879468764853817
          }
        },
        "XGBoost": {
          "cv_mean": 0.9997662439097015,
          "cv_std": 0.00010656004587952488,
          "test_metrics": {
            "r2": 0.9966623366310753,
            "rmse": 2.480121112279477e+30,
            "mae": 5.127475144990157e+29,
            "rmse_relative": 19.82275282641681,
            "mae_relative": 4.098214071865133,
            "mape": 1.951611131565854
          }
        }
      },
      "feature_names": [
        "L1_L",
        "L1_E_c",
        "L1_E_v",
        "L1_N_D",
        "L1_N_A",
        "L2_L",
        "L2_E_c",
        "L2_E_v",
        "L2_N_D",
        "L2_N_A",
        "L3_L",
        "L3_E_c",
        "L3_E_v",
        "L3_N_D",
        "L3_N_A",
        "energy_gap_L1",
        "energy_gap_L2",
        "energy_gap_L3",
        "band_offset_L1_L2",
        "band_offset_L2_L3",
        "thickness_ratio_L2",
        "thickness_ratio_ETL",
        "thickness_ratio_HTL",
        "doping_ratio_L1",
        "doping_ratio_L2",
        "doping_ratio_L3",
        "total_donor_concentration",
        "total_acceptor_concentration",
        "recombination_efficiency_ratio",
        "interface_quality_index",
        "conduction_band_alignment_quality",
        "valence_band_alignment_quality",
        "thickness_balance_quality",
        "transport_layer_balance",
        "average_doping_ratio",
        "doping_consistency",
        "energy_gap_progression",
        "energy_gap_uniformity"
      ]
    }
  },
  "improvements": {
    "target_scaling": "RobustScaler for both features and targets",
    "cross_validation": "5-fold CV for model selection",
    "outlier_handling": "99th percentile clipping",
    "comprehensive_evaluation": "Multiple metrics beyond R\u00b2"
  }
}