{
  "training_date": "2025-09-24T15:03:50.058498",
  "efficiency_models": {
    "MPP": {
      "best_model": "XGBoost",
      "all_scores": {
        "RandomForest": {
          "cv_mean": 0.9925112335559028,
          "cv_std": 0.0035469833131652226,
          "test_metrics": {
            "r2": 0.9958134529638885,
            "rmse": 12.442089762030522,
            "mae": 7.958166067625864,
            "rmse_relative": 6.00241359359245,
            "mae_relative": 3.839242852125831,
            "mape": 7.603833142113565
          }
        },
        "XGBoost": {
          "cv_mean": 0.9978759063832818,
          "cv_std": 0.0037455551943952124,
          "test_metrics": {
            "r2": 0.999820119519122,
            "rmse": 2.579035752495585,
            "mae": 1.4017924226936862,
            "rmse_relative": 1.2441992908925983,
            "mae_relative": 0.676264040390455,
            "mape": 1.4076664030369823
          }
        }
      },
      "feature_names": [
        "L1_L",
        "L1_E_c",
        "L1_E_v",
        "L1_N_D",
        "L1_N_A",
        "L2_L",
        "L2_E_c",
        "L2_E_v",
        "L2_N_D",
        "L2_N_A",
        "L3_L",
        "L3_E_c",
        "L3_E_v",
        "L3_N_D",
        "L3_N_A",
        "energy_gap_L1",
        "energy_gap_L2",
        "energy_gap_L3",
        "band_offset_L1_L2",
        "band_offset_L2_L3",
        "thickness_ratio_L2",
        "thickness_ratio_ETL",
        "thickness_ratio_HTL",
        "doping_ratio_L1",
        "doping_ratio_L2",
        "doping_ratio_L3",
        "total_donor_concentration",
        "total_acceptor_concentration",
        "recombination_efficiency_ratio",
        "interface_quality_index",
        "conduction_band_alignment_quality",
        "valence_band_alignment_quality",
        "thickness_balance_quality",
        "transport_layer_balance",
        "average_doping_ratio",
        "doping_consistency",
        "energy_gap_progression",
        "energy_gap_uniformity"
      ]
    }
  },
  "recombination_models": {
    "IntSRHn_mean": {
      "best_model": "XGBoost",
      "all_scores": {
        "RandomForest": {
          "cv_mean": 0.9952501783462384,
          "cv_std": 0.0005563413729171386,
          "test_metrics": {
            "r2": 0.8021603982739312,
            "rmse": 1.9094497673373595e+31,
            "mae": 4.2553083489620915e+30,
            "rmse_relative": 152.615735517848,
            "mae_relative": 34.01121226863618,
            "mape": 11.879468764853819
          }
        },
        "XGBoost": {
          "cv_mean": 0.9997662439097015,
          "cv_std": 0.00010656004587952488,
          "test_metrics": {
            "r2": 0.9966623366310753,
            "rmse": 2.480121112279477e+30,
            "mae": 5.127475144990157e+29,
            "rmse_relative": 19.82275282641681,
            "mae_relative": 4.098214071865133,
            "mape": 1.951611131565854
          }
        }
      },
      "feature_names": [
        "L1_L",
        "L1_E_c",
        "L1_E_v",
        "L1_N_D",
        "L1_N_A",
        "L2_L",
        "L2_E_c",
        "L2_E_v",
        "L2_N_D",
        "L2_N_A",
        "L3_L",
        "L3_E_c",
        "L3_E_v",
        "L3_N_D",
        "L3_N_A",
        "energy_gap_L1",
        "energy_gap_L2",
        "energy_gap_L3",
        "band_offset_L1_L2",
        "band_offset_L2_L3",
        "thickness_ratio_L2",
        "thickness_ratio_ETL",
        "thickness_ratio_HTL",
        "doping_ratio_L1",
        "doping_ratio_L2",
        "doping_ratio_L3",
        "total_donor_concentration",
        "total_acceptor_concentration",
        "recombination_efficiency_ratio",
        "interface_quality_index",
        "conduction_band_alignment_quality",
        "valence_band_alignment_quality",
        "thickness_balance_quality",
        "transport_layer_balance",
        "average_doping_ratio",
        "doping_consistency",
        "energy_gap_progression",
        "energy_gap_uniformity"
      ]
    }
  },
  "improvements": {
    "target_scaling": "RobustScaler for both features and targets",
    "cross_validation": "5-fold CV for model selection",
    "outlier_handling": "99th percentile clipping",
    "comprehensive_evaluation": "Multiple metrics beyond R\u00b2"
  }
}