{
  "training_date": "2025-09-23T04:34:44.237147",
  "efficiency_models": {
    "MPP": {
      "best_model": "RandomForest",
      "all_scores": {
        "RandomForest": {
          "cv_mean": 0.9997551331920631,
          "cv_std": 9.721953440646566e-05,
          "test_metrics": {
            "r2": 0.9997326233035623,
            "rmse": 0.020891314863595266,
            "mae": 0.002407603918849249,
            "rmse_relative": 2.1893480746900917,
            "mae_relative": 0.25230977747284805,
            "mape": 1.674037935519125
          }
        },
        "XGBoost": {
          "cv_mean": 0.9996901807775795,
          "cv_std": 3.7160960986216e-05,
          "test_metrics": {
            "r2": 0.9997625615634744,
            "rmse": 0.01968699858127664,
            "mae": 0.008919349997683172,
            "rmse_relative": 2.063139286433934,
            "mae_relative": 0.9347215276977618,
            "mape": 19.894345192051897
          }
        }
      },
      "feature_names": [
        "L1_L",
        "L1_E_c",
        "L1_E_v",
        "L1_N_D",
        "L1_N_A",
        "L2_L",
        "L2_E_c",
        "L2_E_v",
        "L2_N_D",
        "L2_N_A",
        "L3_L",
        "L3_E_c",
        "L3_E_v",
        "L3_N_D",
        "L3_N_A",
        "energy_gap_L1",
        "energy_gap_L2",
        "energy_gap_L3",
        "band_offset_L1_L2",
        "band_offset_L2_L3",
        "thickness_ratio_L2",
        "thickness_ratio_ETL",
        "thickness_ratio_HTL",
        "doping_ratio_L1",
        "doping_ratio_L2",
        "doping_ratio_L3",
        "total_donor_concentration",
        "total_acceptor_concentration",
        "recombination_efficiency_ratio",
        "interface_quality_index",
        "conduction_band_alignment_quality",
        "valence_band_alignment_quality",
        "thickness_balance_quality",
        "transport_layer_balance",
        "average_doping_ratio",
        "doping_consistency",
        "energy_gap_progression",
        "energy_gap_uniformity"
      ]
    }
  },
  "recombination_models": {
    "IntSRHn_mean": {
      "best_model": "XGBoost",
      "all_scores": {
        "RandomForest": {
          "cv_mean": 0.9945343421919584,
          "cv_std": 0.0031635409570095322,
          "test_metrics": {
            "r2": 0.9980098553148204,
            "rmse": 2.6128217946930836,
            "mae": 0.608283882701226,
            "rmse_relative": 17.190180098489197,
            "mae_relative": 4.001998726388697,
            "mape": 4.45820925517141
          }
        },
        "XGBoost": {
          "cv_mean": 0.996018050067889,
          "cv_std": 0.002178743326664603,
          "test_metrics": {
            "r2": 0.9971947661388628,
            "rmse": 3.1020729073900664,
            "mae": 0.6110251158010491,
            "rmse_relative": 20.409042845933207,
            "mae_relative": 4.0200337453760655,
            "mape": 1100.5242996292686
          }
        }
      },
      "feature_names": [
        "L1_L",
        "L1_E_c",
        "L1_E_v",
        "L1_N_D",
        "L1_N_A",
        "L2_L",
        "L2_E_c",
        "L2_E_v",
        "L2_N_D",
        "L2_N_A",
        "L3_L",
        "L3_E_c",
        "L3_E_v",
        "L3_N_D",
        "L3_N_A",
        "energy_gap_L1",
        "energy_gap_L2",
        "energy_gap_L3",
        "band_offset_L1_L2",
        "band_offset_L2_L3",
        "thickness_ratio_L2",
        "thickness_ratio_ETL",
        "thickness_ratio_HTL",
        "doping_ratio_L1",
        "doping_ratio_L2",
        "doping_ratio_L3",
        "total_donor_concentration",
        "total_acceptor_concentration",
        "recombination_efficiency_ratio",
        "interface_quality_index",
        "conduction_band_alignment_quality",
        "valence_band_alignment_quality",
        "thickness_balance_quality",
        "transport_layer_balance",
        "average_doping_ratio",
        "doping_consistency",
        "energy_gap_progression",
        "energy_gap_uniformity"
      ]
    }
  },
  "improvements": {
    "target_scaling": "RobustScaler for both features and targets",
    "cross_validation": "5-fold CV for model selection",
    "outlier_handling": "99th percentile clipping",
    "comprehensive_evaluation": "Multiple metrics beyond R\u00b2"
  }
}