{
  "optimization_date": "2025-07-27T22:52:46.395540",
  "target_efficiency": "MPP",
  "optimal_efficiency": 101.9974984435722,
  "optimal_recombination": 1.0584553484650047e+52,
  "optimization_method": "L-BFGS-B",
  "optimal_parameters": {
    "L1_L": 35.0,
    "L1_E_c": 3.85,
    "L1_E_v": 5.800000000000001,
    "L1_N_D": 5.5e+20,
    "L1_N_A": 5.5e+20,
    "L2_L": 350.0,
    "L2_E_c": 4.5,
    "L2_E_v": 5.699999999999999,
    "L2_N_D": 5.5e+20,
    "L2_N_A": 5.5e+20,
    "L3_L": 35.0,
    "L3_E_c": 3.5,
    "L3_E_v": 5.4,
    "L3_N_D": 5.5e+20,
    "L3_N_A": 5.5e+20,
    "total_thickness": 0.5,
    "thickness_ratio_L2": 5.005e-07,
    "thickness_ratio_ETL": 5.005e-07,
    "thickness_ratio_HTL": 5.005e-07,
    "energy_gap_L1": 5.005e-07,
    "energy_gap_L2": 5.005e-07,
    "energy_gap_L3": 5.005e-07,
    "band_offset_L1_L2": 5.005e-07,
    "band_offset_L2_L3": 5.005e-07,
    "conduction_band_offset": 0.5,
    "valence_band_offset": 0.5,
    "doping_ratio_L1": 5.005e-07,
    "doping_ratio_L2": 5.005e-07,
    "doping_ratio_L3": 5.005e-07,
    "total_donor_concentration": 0.5,
    "total_acceptor_concentration": 0.5,
    "average_energy_gap": 0.5,
    "energy_gap_variance": 0.5,
    "thickness_variance": 0.5,
    "doping_variance": 0.5
  },
  "parameter_bounds": [
    [
      20.0,
      50.0
    ],
    [
      3.7,
      4.0
    ],
    [
      5.7,
      5.9
    ],
    [
      1e+20,
      1e+21
    ],
    [
      1e+20,
      1e+21
    ],
    [
      200.0,
      500.0
    ],
    [
      4.4,
      4.6
    ],
    [
      5.6,
      5.8
    ],
    [
      1e+20,
      1e+21
    ],
    [
      1e+20,
      1e+21
    ],
    [
      20.0,
      50.0
    ],
    [
      3.4,
      3.6
    ],
    [
      5.3,
      5.5
    ],
    [
      1e+20,
      1e+21
    ],
    [
      1e+20,
      1e+21
    ],
    [
      0.0,
      1.0
    ],
    [
      1e-09,
      1e-06
    ],
    [
      1e-09,
      1e-06
    ],
    [
      1e-09,
      1e-06
    ],
    [
      1e-09,
      1e-06
    ],
    [
      1e-09,
      1e-06
    ],
    [
      1e-09,
      1e-06
    ],
    [
      1e-09,
      1e-06
    ],
    [
      1e-09,
      1e-06
    ],
    [
      0.0,
      1.0
    ],
    [
      0.0,
      1.0
    ],
    [
      1e-09,
      1e-06
    ],
    [
      1e-09,
      1e-06
    ],
    [
      1e-09,
      1e-06
    ],
    [
      0.0,
      1.0
    ],
    [
      0.0,
      1.0
    ],
    [
      0.0,
      1.0
    ],
    [
      0.0,
      1.0
    ],
    [
      0.0,
      1.0
    ],
    [
      0.0,
      1.0
    ]
  ],
  "validation_passed": true,
  "recommendations": [
    "Consider decreasing L1_L (current: 35.0 nm) to reduce recombination",
    "Consider decreasing L2_L (current: 350.0 nm) to reduce bulk recombination",
    "Consider decreasing L3_L (current: 35.0 nm) to reduce recombination"
  ]
}